<application>
  <component name="Translation.Cache">
    <option name="lastTrimTime" value="1712827794137" />
  </component>
  <component name="Translation.Settings">
    <option name="baiduTranslateSettings">
      <app-key>
        <option name="appId" value="20211003000963043" />
      </app-key>
    </option>
    <option name="foldOriginal" value="true" />
    <option name="primaryLanguage" value="CHINESE" />
    <option name="translator" value="BAIDU" />
  </component>
  <component name="Translation.States">
    <option name="translationDialogHeight" value="260" />
    <option name="translationDialogLocationX" value="659" />
    <option name="translationDialogLocationY" value="394" />
    <histories>
      <item value="插件" />
      <item value="Replace this use of System.out by a logger.&#10;String contains no format specifiers." />
    </histories>
    <option name="languageScores">
      <map>
        <entry key="CHINESE" value="8" />
        <entry key="ENGLISH" value="7" />
      </map>
    </option>
  </component>
</application>