<application>
  <component name="CosySettings">
    <option name="dedicatedDomainUrl" value="" />
    <option name="localStoragePath" value="C:\Users\59941\.lingma" />
    <option name="manualOpenLocalModel" value="true" />
    <option name="parameter">
      <ChangeUserSettingParams>
        <option name="allowReportUsage" value="true" />
        <option name="cloud">
          <CloudModelParam>
            <option name="autoTrigger">
              <CloudModelAutoTrigger>
                <option name="enable" value="true" />
                <option name="generateLength" value="level_1" />
                <option name="modelLevel" value="large" />
              </CloudModelAutoTrigger>
            </option>
            <option name="enable" value="true" />
            <option name="manualTrigger">
              <CloudModelManualTrigger>
                <option name="generateLength" value="level_2" />
                <option name="modelLevel" value="large" />
              </CloudModelManualTrigger>
            </option>
            <option name="showInlineWhenIDECompletion" value="true" />
          </CloudModelParam>
        </option>
        <option name="local">
          <LocalModelParam>
            <option name="enable" value="true" />
            <option name="inferenceMode" value="auto" />
            <option name="maxCandidateNum" value="3" />
          </LocalModelParam>
        </option>
      </ChangeUserSettingParams>
    </option>
    <option name="recentQueries">
      <map>
        <entry key="htwisdom-engineering-dept-data-management|1512606581942643">
          <value>
            <list>
              <option value="/explain code" />
            </list>
          </value>
        </entry>
        <entry key="vue-vben-admin|1512606581942643">
          <value>
            <list>
              <option value="/generate comment" />
              <option value="/explain code" />
              <option value="vueIndentScriptAndStyle: true,这个配置需要安装什么依赖吗" />
            </list>
          </value>
        </entry>
        <entry key="vue3-js-test|1512606581942643">
          <value>
            <list>
              <option value="/explain code" />
              <option value="让这段代码中的菜单水平居中" />
              <option value="/explain code" />
              <option value="如何在这段代码中使用vue-router" />
              <option value="/generate comment" />
              <option value="/explain code" />
              <option value="将这段代码转化为JS" />
              <option value="/generate comment" />
              <option value="parserOptions: {&#10;    ecmaVersion: 'latest'&#10;  },是什么意思" />
              <option value="使vue文件中的script使用缩进" />
              <option value="vueIndentScriptAndStyle: true,是什么意思?为什么不生效?" />
            </list>
          </value>
        </entry>
      </map>
    </option>
    <option name="showInlineAcceptTips" value="false" />
  </component>
</application>