<application>
  <component name="ProjectManager">
    <defaultProject>
      <component name="ProjectViewState">
        <option name="autoscrollToSource" value="true" />
        <option name="hideEmptyMiddlePackages" value="true" />
        <option name="openDirectoriesWithSingleClick" value="true" />
        <option name="showLibraryContents" value="true" />
        <option name="showMembers" value="true" />
      </component>
      <component name="PropertiesComponent"><![CDATA[{
  "keyToString": {
    "settings.editor.selected.configurable": "configurable.group.appearance"
  }
}]]></component>
      <component name="WindowStateProjectService">
        <state x="461" y="165" key="SettingsEditor" timestamp="1719801388530">
          <screen x="0" y="0" width="1920" height="1050" />
        </state>
        <state x="461" y="165" key="SettingsEditor/0.0.1920.1050" timestamp="1719801388530" />
      </component>
    </defaultProject>
  </component>
</application>