<application>
  <component name="Translation.Cache">
    <option name="lastTrimTime" value="1712834047221" />
  </component>
  <component name="Translation.Settings">
    <option name="baiduTranslateSettings">
      <app-key>
        <option name="appId" value="20211003000963043" />
      </app-key>
    </option>
    <option name="foldOriginal" value="true" />
    <option name="primaryLanguage" value="CHINESE" />
    <option name="translator" value="BAIDU" />
  </component>
  <component name="Translation.States">
    <option name="translationDialogHeight" value="260" />
    <option name="translationDialogLocationX" value="659" />
    <option name="translationDialogLocationY" value="399" />
  </component>
</application>