<application>
  <component name="Translation.Cache">
    <option name="lastTrimTime" value="1712809122882" />
  </component>
  <component name="Translation.Settings">
    <option name="baiduTranslateSettings">
      <app-key>
        <option name="appId" value="20211003000963043" />
      </app-key>
    </option>
    <option name="foldOriginal" value="true" />
    <option name="primaryLanguage" value="CHINESE" />
    <option name="translator" value="BAIDU" />
  </component>
  <component name="Translation.States">
    <histories>
      <item value="export" />
    </histories>
    <option name="languageScores">
      <map>
        <entry key="ENGLISH" value="1" />
      </map>
    </option>
  </component>
</application>